res_idx,phi_sin,phi_cos,psi_sin,psi_cos,local_clash_count,local_clash_energy,rama_pen,rotamer_pen,neighbor_density,contact_kept_ratio,hbond_count,move_type,delta_phi,delta_psi,rotamer_id,delta_score
1,0.9985910688269712,0.05306484013927754,-0.9994849859271698,-0.03208991907383136,10.892423561205154,16.787333751020824,4.852837092982238,1.119839136691887,23.714967264342707,0.672630143319567,1,phi+5,5,0,-1,0.7399757809395541
0,-0.9487743427002012,-0.3159545008918232,0.8085899909544304,0.5883725236007492,7.966662836316928,14.016785995675255,1.9162492836324772,1.5471692188655433,35.85398072655116,0.714781537214289,0,rotamer0,0,0,0,-0.6354349419394504
2,0.26561154409066934,-0.9640801354896648,-0.8555989178682373,0.5176393452421303,11.12979957606373,16.24106724664207,6.564653617407284,1.3301666786277409,28.409504125512314,0.397095921654972,0,phi-5,-5,0,-1,-0.22093711363830854
6,0.3211853876890487,0.9470163392122839,0.8781025952671905,-0.4784723943813527,5.612088243079083,8.259354372816468,2.2384301325177858,1.9058303375112413,29.13768502012331,0.740846168584677,0,phi+5,5,0,-1,0.5832504748644498
3,-0.6839687490985555,0.7295113092040159,-0.2885687932008987,0.9574591644506709,10.901321446358127,12.427202036997596,3.170240912217599,4.762983517074531,22.286589805731577,0.4104038137687421,2,phi+5,5,0,-1,0.9304216526689373
3,-0.23491010332159598,0.9720171003420861,-0.9921557339928523,0.12500799776456084,14.085760439925217,11.551391000861575,5.336025675971146,4.303993369935074,25.233740329473683,0.6325880910280093,1,phi-5,-5,0,-1,-1.265707177865418
6,-0.403990751321005,-0.9147630692409319,0.5190864946599708,-0.8547217155668996,5.646097978305832,11.741108879749685,5.54729353981873,4.7157398442446254,31.44708353084748,0.5097760120759081,1,psi+5,0,5,-1,0.8069632527427667
4,0.5068006476361552,0.8620632828021233,0.5987966405811861,-0.8009011070217632,8.29679076342445,17.078804942583357,7.386986544886595,2.9722997802544326,26.568185675198816,0.7335938737094464,1,rotamer1,0,0,1,1.3451988401157267
6,-0.3886411506111302,-0.9213891990096568,-0.6770950745561912,0.7358955496615983,13.68082464914266,14.850467036593933,8.906201848967692,2.461685489517266,34.55836248557826,0.7230237945214465,0,rotamer0,0,0,0,-0.66352343716708
4,-0.843736647565177,0.5367573656275956,-0.962880208371017,0.2699290727716949,10.131966357576566,15.337867349744727,4.443534100745717,0.6443608476326359,35.00762907104398,0.6404571369523383,0,rotamer1,0,0,1,0.2766855890902447
4,0.048128707389046725,0.9988411422869302,-0.9489200567860252,-0.31551660151124655,8.74934060752459,17.113078533270865,9.330842972124264,2.023035766253883,32.07014378109832,0.5675182402478318,0,rotamer1,0,0,1,0.5263598922205508
5,-0.9978047425196012,-0.0662245861096342,-0.9983556255331124,-0.05732403480554947,8.892067827038781,14.168246408183368,4.582547631143766,0.2576959167986068,32.33047860803137,0.6659825261974075,1,psi+5,0,5,-1,1.3275673059736146
2,0.17300467641965916,0.9849210028915665,0.6207894917821932,0.7839772999856605,16.726293611336608,12.446998777421502,5.101226319659799,0.7059558525457277,23.603186879566906,0.5036229945295028,0,psi+5,0,5,-1,-0.5605936656346466
7,-0.9999134161157932,-0.013159037641279063,-0.39152339388376944,-0.920168154220594,13.778671206466885,15.837209022328777,4.795872668724156,2.9049345072063386,24.452780317538277,0.6327577624593893,1,phi+5,5,0,-1,0.46417332690336466
5,0.08882829115773108,0.9960469540588924,-0.9840350602210921,0.1779747180238576,6.281027657687285,15.56962771427048,4.310413341312742,0.0,21.02650974662539,0.6312384251037805,0,phi+5,5,0,-1,0.45779714440931896
1,0.8408859263104764,0.541212397246194,-0.7928523849315765,0.6094137311451976,4.919652295228576,20.29157622008039,7.744654365317713,3.7290156155025147,23.712005983406204,0.64379557146544,0,phi+5,5,0,-1,-1.2691411460610023
1,-0.9334078510938808,-0.35881720069737966,0.22602010770523046,0.97412263648522,11.215917793377258,17.45537435770239,1.0371773357510237,3.7110132067787442,34.70067185992623,0.8657441838242338,1,phi-5,-5,0,-1,-0.07711204845815067
0,0.4463209864923432,-0.8948729390346439,0.8138066412684153,-0.581135741997875,11.736357074326165,19.98667032865422,5.45727337998592,4.479495223606772,30.463586933290138,0.7703060250063934,1,phi+5,5,0,-1,0.3808107661369414
7,-0.4651094399438917,0.8852531891357859,0.26497806280418124,-0.9642544406081537,13.8201159227049,14.81683803313545,4.771267747470201,2.14713838027141,20.431222674981377,1.0,0,psi+5,0,5,-1,-0.26231712363860143
5,-0.30986743039221115,-0.9507797723879743,-0.14532559011152896,0.9893838854856774,13.22877361458175,12.014568801365108,7.231001348211969,3.624825762220369,26.34417860915809,0.6394113395838628,2,phi+5,5,0,-1,1.2335557514352273
6,0.3587816887153453,-0.9334215017035793,0.42393305035605233,0.9056935291895448,9.248529309536881,14.322495341786295,7.547412770135628,4.0815601011937535,20.20035264338443,0.6304959077583189,0,phi+5,5,0,-1,1.9363855146952058
5,-0.99519118332252,0.09795156270893457,-0.7327351198491715,-0.6805139558742498,7.975558607527354,10.62179950532908,9.227559058167133,1.484039290354627,33.34547113040752,0.716300839522204,0,phi-5,-5,0,-1,0.23576009671284706
3,-0.9954426700704926,0.09536189282374999,0.40716110097854863,-0.9133563586300454,14.51981440911134,8.002601826897227,4.200307355429569,3.642504807552431,29.699099290252285,0.430310586037324,0,rotamer0,0,0,0,-1.6274816336788742
0,0.9124240128744041,-0.4092461615338246,-0.9522554893703522,0.30530228129516335,6.327286972281812,4.884774712103253,5.6583747174948735,3.555080937731665,30.957962022134268,0.8581591375958465,0,rotamer1,0,0,1,1.6389615701539975
5,0.9238726286472432,0.38270009934207383,0.7981246028438135,-0.6024924218074489,7.7198251168629985,14.870793108513505,5.541240332900411,2.735753368363457,17.500465004825827,0.41900515584569714,1,phi-5,-5,0,-1,0.6160318717403559
2,0.12659261542996625,-0.9919547921748252,-0.8496121660932644,-0.5274079703856506,5.617864608108992,17.794687281630747,4.096238227085866,2.727153736099392,33.65312965005977,0.5962603253856912,1,rotamer1,0,0,1,0.573589080052276
5,0.3240666000048496,0.9460342693376899,-0.4269914879535991,0.9042556437286811,12.75923653135941,16.23724964866919,9.887364575836775,1.3612290917537593,30.470345816331186,0.746689845848625,0,rotamer0,0,0,0,-0.8635843110861272
5,0.6653802985675126,-0.74650456011883,-0.5549045352712405,0.8319140320582462,8.737720342481971,13.007881067482058,8.6176395502214,1.7207725972484973,35.82619453047472,0.6456431989835837,1,rotamer0,0,0,0,0.27111150607423085
5,0.9466231025222738,-0.3223425224370881,0.7539871738474652,-0.6568891395612447,10.880404352381861,11.344300461673098,5.222590959940479,2.302208078166955,33.24096331761193,0.41534272236328507,1,psi-5,0,-5,-1,2.1303532355782617
7,-0.940473859362296,0.33986603221885575,0.9596857797355617,-0.28107508636189543,10.092121159228087,16.083454503012813,5.62403349717282,4.253572170591379,35.31108929880308,0.30693551000756514,0,psi+5,0,5,-1,1.8230346617547641
6,0.1181632891519494,-0.9929941777758784,0.2255915131576977,0.974221981476101,11.378314611594266,14.077716495535325,6.232818939634716,2.826031304811175,29.583123234862416,0.6633578180356942,1,rotamer1,0,0,1,1.056666468590256
5,0.6188908988281409,0.7854769604181245,0.07171159456232576,0.9974254093441417,7.046537070145571,19.328982106270256,4.906795374979194,5.355151466358795,38.675978966230836,0.7048444942144472,0,psi-5,0,-5,-1,0.06614318009897285
3,-0.4183892552047767,0.9082678190540454,0.31573490532787746,-0.9488474427206917,13.682559672161963,11.664435104509495,4.46574607671149,2.3378731990270047,30.7753497375453,0.5602186300612786,0,psi+5,0,5,-1,-0.47279857136445647
4,-0.7171978007135543,-0.6968696539896402,-0.47929427038371936,0.8776542612995952,14.19908401358995,12.247590101817961,7.265465724363994,1.810719600282946,22.62076073800465,0.939217434612073,1,rotamer0,0,0,0,0.37875181535316554
6,0.6211226858707123,0.7837133462540704,-0.8987196447485856,0.438523659729981,5.796070454172947,17.6835355762047,1.4550576636331578,2.81302943099206,34.481605987024786,0.6184955448312395,0,rotamer0,0,0,0,-0.4099224174572103
5,0.9090002188463366,-0.4167956359384203,0.9999744307854521,-0.0071510681237893425,9.002132710737667,11.844767362626623,5.1397549693079245,3.3166897835861473,25.220727489785684,0.9269696152438829,1,phi+5,5,0,-1,0.023981867160008885
6,0.45774239085026036,0.889084868625424,0.9802867975726179,0.19757984336672926,7.739634475059805,18.364519868003658,6.830762625258431,4.83046854819456,34.300397774847795,0.45214327470293164,2,rotamer1,0,0,1,-0.6590963938716499
3,0.9427605836817045,-0.333470361285875,0.9428059007705191,0.3333422167567289,6.2642429709687715,16.410234793692204,5.88361855625687,2.621829157125506,29.487844226092058,0.8661539835232706,0,phi-5,-5,0,-1,0.14436370707257018
5,0.650175514139837,0.7597840488013674,0.9814222300450538,0.19186038250090465,4.349619876670632,14.717187944654023,0.9253467355923952,2.0520312082254324,24.728676936983952,0.4732464525589819,0,psi-5,0,-5,-1,0.9683853893348762
4,-0.09662878820057014,0.9953204897372953,-0.997718000425916,-0.0675188242352597,5.590776447767162,17.9163656279858,5.17601110387215,4.3506182813427605,26.924478069184804,0.648954462659124,1,rotamer0,0,0,0,1.2195587168823718
2,-0.9744604275643785,-0.2245592908588927,-0.5097556859366285,0.8603192085820689,8.365003628190312,19.892370872923173,8.497382429338156,4.081976350207375,17.09792837914439,0.9193678548453532,1,rotamer1,0,0,1,0.4694526395305416
6,-0.03703771250602296,-0.999313868537969,-0.8024721815769083,0.5966895321649255,10.128364528249914,5.203420971073028,6.995713062620438,2.549089295065581,24.882283423917755,0.44864255037211304,0,psi-5,0,-5,-1,-0.11361794619753518
3,-0.39232184322864505,0.9198280118183391,-0.18135912805504692,-0.9834169343015774,7.669801247948559,21.461807992169465,4.009372286196433,3.509599331364005,21.930171480500594,0.7212646981468868,0,psi+5,0,5,-1,0.24262706356976402
6,0.3936389183731248,0.919265142351235,-0.16946538168924216,-0.9855361405899428,8.988970819300427,12.88994103241144,4.376062968261897,3.1148411605082,21.99948649303577,0.7949877359283647,0,rotamer0,0,0,0,1.8214811622705223
6,0.9999202666827068,-0.012627758201059677,0.8704180615661967,-0.4923133129414079,9.982299283734715,17.066861681487495,7.471961552627905,3.2269159160956384,30.5688389270893,0.6998924971617183,0,psi+5,0,5,-1,-0.9520139360036695
0,0.31133622748689094,-0.9502998229265492,-0.9498075403866604,-0.3128348385724367,11.710944670045949,15.367157149157418,7.088099089444269,4.590289186333255,21.127971953337088,0.6451368078109798,0,phi+5,5,0,-1,-1.1631917478393736
2,0.6240036838049511,0.7814213988609799,0.9999150649697531,0.013033144153824346,14.173472867314832,21.09616196819297,5.9332532226645025,2.8422550301808203,30.12116946764525,0.7277835433782404,0,rotamer0,0,0,0,-1.8158074673488334
6,-0.9477612827786993,-0.31898048665345413,0.5469092229608304,0.8371919145813466,11.085075058017972,11.738231778880564,4.4480135507978105,1.7984029008020508,20.641395349537827,0.36850476428297657,1,rotamer1,0,0,1,-0.9510355450354631
0,0.20429595971527076,0.9789091688425523,0.84941117010928,0.5277316212750414,13.932206102931449,18.031614823875394,7.081139334410281,3.124343426792841,18.61532227174886,0.7131188956395498,0,psi+5,0,5,-1,2.060804477098097
7,-0.8199202740289118,-0.5724777237905019,-0.8942269501579038,-0.44761385323880887,5.690790708035477,14.012504495532454,1.6484475784857584,0.7581670364654389,26.034674273882093,0.47902328499173763,1,rotamer1,0,0,1,-0.9862881839002711
5,0.8740846883181725,-0.4857735662299084,-0.5180067551591941,-0.8553765262207297,11.65081748726735,12.468860204059524,2.321383644361496,3.4529216546829105,23.950787210748977,0.7332630100677724,1,phi-5,-5,0,-1,-0.2469311271293569
3,0.9551768987069172,-0.2960356265327462,-0.8431852298632511,0.5376231655541421,13.40552147871022,9.691437877240173,4.953059093017186,3.2113622664066748,27.404550535966173,0.6728740931140812,0,psi+5,0,5,-1,-0.8279229915588817
3,-0.14964717023043383,0.9887394623671211,0.9713970778380945,0.23746098030542007,9.469863311784332,15.29833284466918,4.441357269795236,4.468434361198251,25.372628290263087,0.9951063055834275,0,rotamer1,0,0,1,1.3066036536578969
5,0.021163555993215653,-0.9997760268668788,0.3113374543454125,0.9502994209835751,8.030601559085955,19.411326101230266,4.4956634541322575,4.017945013092527,24.062429166590547,0.5286692547982287,0,psi-5,0,-5,-1,-2.04317266533156
2,-0.9777776401565126,-0.20964466702008266,-0.0991201767097681,0.9950754697855959,8.692678702770406,1.4715669099909867,3.3881207533884563,2.8113540025473167,28.18141612063229,0.7775846928888029,1,phi-5,-5,0,-1,0.7952225830464095
0,0.21283652974446626,0.9770878218493632,-0.9883559935664056,0.1521592257517212,13.759366111805953,13.97915122170348,4.6628714410374075,2.262744942120734,29.723115294644295,0.5290641844674435,1,rotamer1,0,0,1,-0.6120408399698933
7,-0.36538426067786445,0.9308567784836131,-0.9161594270738987,-0.40081405187895497,16.770123808577786,18.774460048318836,1.3197467689287699,3.3887787721285787,23.08935486998123,0.7458410261515909,0,psi-5,0,-5,-1,0.05391521697420529
2,0.3142371726093567,-0.9493445103598995,-0.5100194757761758,-0.8601628533766119,10.043577630069137,21.38946455777865,2.671814370494368,4.015353497767723,17.36742596638484,0.4657986616419167,0,rotamer0,0,0,0,1.867663408173731
4,0.06259449059443617,-0.9980390421958567,-0.9400687902592295,0.3409848524209672,7.018653476344287,10.273155897930494,4.697753893063525,0.0,26.082860698446144,0.8328864047960152,0,rotamer0,0,0,0,-0.25073819363838745
2,-0.4543536214233453,-0.8908214112264542,-0.01681126898046966,-0.9998586806320513,6.1661595964395435,17.053815686634316,4.627965477401159,4.0521034244503085,22.502192194910926,0.3996897787190597,0,rotamer0,0,0,0,0.8247802611622082
4,0.5347100832951155,0.8450355772525383,0.9431876085591387,-0.33226064326142046,10.477030827829632,17.33744268812668,5.179063141898567,3.841399043990629,24.674069071395895,0.8102546790804892,2,rotamer1,0,0,1,1.0548136303656457
4,-0.7042293370707934,-0.709972563419764,0.9266866460470785,0.3758348840089443,7.771775367141284,3.6351251795314106,2.6662339545378146,2.9948071633675064,26.497379019645035,0.7276204281838853,0,psi-5,0,-5,-1,0.5416256457088217
4,-0.5428473166234911,-0.8398314061969077,0.23704167607969412,-0.9714994821415652,12.018614262033958,9.38859760071468,12.50411748613066,1.2020143219921189,22.769182578885278,0.5600221611542858,2,phi+5,5,0,-1,0.9132898625067122
7,0.8145553154841477,0.5800858884824905,0.5032280422173758,-0.8641536538868924,11.661067911444533,21.029035700489928,3.45891782489368,1.6925584327091743,29.661782636566404,0.8003253256713334,0,rotamer0,0,0,0,1.6378322788330437
2,-0.5270710119049831,0.8498212449741752,-0.028465135456272966,0.9995947859325077,8.415815394749345,10.686328862849177,5.0360539081615485,2.590717504631054,28.89361870696996,0.7801630376586736,2,psi+5,0,5,-1,1.4552926429210569
0,0.731683399627262,-0.6816446308083798,-0.23664340692841648,0.9715965716064008,13.418401544474259,17.01904004989393,3.3139926425703887,1.7725447362858509,23.17479723020733,0.7231903088090873,0,rotamer1,0,0,1,0.831978052850724
4,0.6806597241714951,-0.7325997132751174,-0.0959109546647724,0.9953899179594357,14.16114986712854,16.271980610281663,5.959242016476169,0.7528942599626696,24.629110890893738,0.730800367781136,0,psi-5,0,-5,-1,0.746415441922229
1,0.32652731733596474,-0.9451877649617446,0.8004750259389586,0.599366109192056,13.954143077071574,24.563662872597156,4.187004644902574,5.264509289703829,19.061367802440124,0.816248216429615,0,psi-5,0,-5,-1,0.6683940565819275
2,-0.9311814297737017,-0.3645560928644655,0.5846169730650737,0.8113094322169754,9.962140674987147,12.291758727834555,8.11663962674929,4.096529405837409,28.335650727108575,0.5555587869060556,1,psi-5,0,-5,-1,-0.31808831691820166
0,0.9886998162575779,0.14990888343334388,0.8527191996038078,-0.5223695690093761,6.137712633984441,11.465183535610745,6.441328562683516,1.7778899672543782,19.631916412834062,0.717661829276753,1,psi+5,0,5,-1,-0.6265555465794967
5,0.12050299485344032,-0.9927129636664124,-0.9975273840840982,-0.07027885885766794,5.619763762155026,21.60347303433891,3.5175446787692426,3.698023920867653,11.917972206552836,0.7747620546726846,0,phi-5,-5,0,-1,2.422648464484625
2,0.21921962881964804,-0.9756755374304389,-0.712622076601527,-0.7015481280283823,12.631257650793394,14.029965113328558,8.119385796450072,4.70797718340565,35.677286885460376,0.9575996907593695,1,psi-5,0,-5,-1,0.5317636790730733
2,-0.19052430556298172,0.9816824787016134,0.19229405505377417,-0.9813373509609099,7.565875100939726,21.522197123792886,2.6997515294810963,0.6306024304179623,32.125743663920076,0.3829889768407324,0,phi+5,5,0,-1,0.9061632842166
7,-0.22365289081456097,-0.9746688588594026,-0.41678011592997616,-0.9090073349348704,5.409748907426078,6.733101293399564,8.314312637431955,2.959793708615493,22.500145253688057,0.7367006068402184,0,rotamer0,0,0,0,-1.1360906699775057
7,0.9387363756056519,0.344636064733168,0.5702453662709193,-0.8214744197152734,15.128500425726578,17.541096471481623,4.4782800989608225,4.4002730153085,29.505493219806155,0.8950528389474944,0,phi-5,-5,0,-1,-0.31607111500692897
2,-0.4760633345824403,-0.879410996898633,0.7253472726060267,-0.6883831303300498,8.373815623905688,12.46411789439265,5.9489870578861055,2.5658663194188382,20.543129184874903,0.7370022876442281,0,phi-5,-5,0,-1,0.49176925090743295
7,0.898333870171597,0.4393133934932103,-0.837444338427152,-0.5465226253654185,7.420540103146993,16.64831396509577,2.5665883954147692,1.8804712425388483,20.952970446525086,0.7694749448881977,1,psi+5,0,5,-1,-0.26950969405136727
6,-0.6210817989758652,-0.7837457489396054,-0.6782732143547658,0.734809803070736,8.410957256122533,18.244339221574656,4.868006042712958,2.6999546330831325,27.902902182753703,0.524086372951373,2,psi-5,0,-5,-1,0.48427655100562617
0,0.9995399519104441,0.030329598330130773,0.867574531404617,-0.4973071811848881,14.252208529263395,10.048040063159586,5.448424263607256,5.678253354970883,25.75407970596751,0.8274319486713442,0,rotamer0,0,0,0,2.056089522352997
2,-0.5732763736256703,-0.8193620685890951,0.7179430972618678,0.6961017950659488,15.127522399295447,17.16118823087684,6.863875961369224,3.297420712466687,33.92033744482172,1.0,0,rotamer1,0,0,1,1.3617294726642342
3,0.9737991955055728,-0.2274096014523117,0.7005878356778034,-0.7135661738761804,7.643764116258794,19.406286352792296,4.830818740613774,3.8904501112612224,37.363012925308524,0.45294882794879937,1,phi-5,-5,0,-1,0.2465945511493151
5,-0.19766931685898978,0.9802687596636447,-0.45566562551395806,-0.8901510196168813,10.055953134855296,11.42570433969805,3.662032390405173,0.9894010806572475,15.726897574955316,0.9323503103119655,0,phi+5,5,0,-1,0.09059851136802785
6,-0.9958763459754012,0.0907210203132821,-0.7008089870765485,-0.7133489774526506,6.617781062209155,21.1107531176908,4.850456722970423,4.464933824846344,21.27375590551747,0.552614370387539,0,phi+5,5,0,-1,-0.5597741781814154
5,-0.9838606625540234,-0.1789362922348571,-0.38684189123543256,-0.9221460574038116,12.942448229031154,5.201621189604708,4.340100625599878,4.454791419153798,34.26381877325477,1.0,0,rotamer0,0,0,0,1.3689203156535394
1,0.6505972740971365,-0.7594229302156839,-0.7528637511652988,-0.6581763989853443,5.718102079444112,17.139456073558293,4.791804596317597,0.0,16.368070307314316,0.8602435396777757,1,phi-5,-5,0,-1,1.1696952907249827
1,0.6643802453412693,0.7473947347956599,0.37364995460586126,-0.9275697878990227,9.146685737333858,22.52208829281027,5.44298246654199,4.592700722914349,25.49631635228223,0.8891182954937112,1,psi-5,0,-5,-1,0.36597064886320363
5,-0.5972014571380686,0.8020912788406115,-0.9293330186620212,-0.3692426579155438,14.190696064073297,21.739548036887342,2.1696750159524667,3.620803981246615,19.90978869946915,0.49036863465972,2,phi+5,5,0,-1,0.5901219642367929
3,0.9731302037940367,-0.23025552428503565,-0.9606532480245377,-0.27775049425681686,11.83330748102556,9.426943387840403,1.8636734885519473,1.581152187644931,26.103896471698956,1.0,1,phi-5,-5,0,-1,-1.125030419339333
4,0.078288065038982,-0.9969307793786147,0.2500008835648772,0.9682456084159539,10.434517142352018,12.69824100233806,5.710427427032275,2.4066044559383983,18.349632255309388,0.974071129063895,0,phi-5,-5,0,-1,0.2519427729095204
4,-0.7148764625677556,-0.699250772803729,-0.4764561084569588,0.8791982579111782,10.82159836746145,16.186726715746435,3.2029999918592456,3.4541159582136696,19.526314635778682,0.5782258918767706,1,phi+5,5,0,-1,1.6868949276150715
4,0.783722145375326,0.6211115832507845,-0.19447797942539252,-0.9809068842242961,15.815857833432187,14.913926146886588,4.144735615834988,3.320394590021716,23.479471429868347,0.48945995025863254,1,psi-5,0,-5,-1,-0.18169241877449238
2,-0.712381000832411,-0.701792925051979,0.7040679957709816,0.7101325632098793,5.930316538249473,10.967653284855047,3.0228977825246828,4.37669422778983,23.017663377679934,0.9279882151871846,0,phi+5,5,0,-1,1.0416886096086257
1,0.812388950481718,0.5831159345577968,0.9929104667637305,-0.11886464987972971,9.61966122701927,11.579002973241009,3.6256394822128053,3.3238188684725936,21.503289526850466,0.8864188273343627,0,rotamer1,0,0,1,0.5161923197922539
6,0.8610868186827976,0.5084579537097821,-0.7102054229641749,0.70399450082531,13.901274205868553,24.268773621202385,8.445186724325117,4.159511581153528,27.253192067431453,0.7498303844387042,0,psi+5,0,5,-1,-1.2438539522400953
0,0.26917424297630665,-0.9630914945726249,0.3779380222866452,0.9258308977940082,8.513636540829602,10.492968424797551,8.336378755324326,0.4535375758831073,13.185183566182884,0.9071387388756638,1,rotamer0,0,0,0,0.6257039892650946
4,-0.6059356929622152,-0.7955136303008266,0.04655757001558914,0.9989156083845339,11.939453921345004,19.739063927358966,6.065513453224221,1.859519622943838,22.21907216165755,0.6657918108581019,0,psi+5,0,5,-1,1.121126391073345
6,0.15924753607565498,-0.9872386855537181,0.9089913277887236,-0.41681502612657,6.746069030585298,10.304516835581548,9.53863988377816,3.5666618237602528,27.26640874447647,0.5614709302449602,1,rotamer0,0,0,0,1.8715963929340018
4,-0.8052206340613245,0.5929753202974627,-0.9085519384573252,-0.4177719175883377,12.729063566804303,20.732643831191183,7.97809047040797,4.0439394493488745,27.59122426671854,0.6845393103913227,0,psi+5,0,5,-1,0.3426116034606963
7,-0.8354942624479947,-0.5494991696231044,-0.925940121391686,0.37767034778646535,6.78039102632479,25.633120306726667,1.589066409993034,1.2325419240846265,30.621386306586473,0.9778932909225921,1,psi+5,0,5,-1,0.4555558616923336
7,-0.45949741985688186,0.8881791042041399,0.6231613549228782,0.7820932973313879,8.206069608684206,16.788973108549122,3.1651348401335686,2.8930317972491713,31.92962877944189,0.8932748523042966,0,rotamer1,0,0,1,-0.35511495252639164
4,-0.9828924190424454,-0.18418059775364504,0.09757530914490012,-0.9952281442188405,11.909880025962007,16.141074841128347,8.215941895251357,2.1371862708351204,25.44075143190167,0.535315126950352,1,phi+5,5,0,-1,1.2535030886420637
6,-0.7254566937291885,-0.6882678152605383,0.20329392483912845,0.9791177560046099,10.478303072022378,21.34576280714799,4.078984901611248,1.7792156459768422,17.117453483796822,0.8983887444635493,0,phi-5,-5,0,-1,0.8043144076020086
1,0.45823537336659753,0.8888308852619687,0.44500853945375984,0.8955263255835819,9.214607547789338,9.967653798022354,5.307722147141914,3.203917421014124,20.116857112073077,1.0,0,psi+5,0,5,-1,-0.9537363078405477
5,-0.387254266270027,0.9219729569003979,-0.6171832094968155,-0.786819474794066,7.209950165359954,16.988845769670483,8.56023519766823,4.438520528782934,24.88807392157288,0.5584924423580669,1,phi+5,5,0,-1,0.1234864593845244
1,0.06248990972962633,0.9980455957429917,0.5572787983428699,-0.830325442773812,7.17241346813644,21.540232425211244,6.54246211534303,0.49881952915052175,25.29094807211074,0.8121315931057329,1,rotamer0,0,0,0,1.7059606177573863
1,0.30128549657493076,-0.95353397923388,0.7200857184250016,0.6938851188203631,6.234605492462485,16.44618438638518,2.345298285504786,1.9140734652673048,31.35293171980808,0.5062073995643894,1,phi-5,-5,0,-1,0.1984175912518547
5,-0.3695097603461801,0.9292268490572733,-0.19403591485814436,0.9809944259500983,6.3704822199627635,8.444860226003689,3.4361119291766085,2.2408838427125284,30.965643995062294,0.8000511032978851,1,phi-5,-5,0,-1,0.45689919698141335
4,0.7888688497327632,0.6145615818787463,0.1417189774274273,-0.9899069306944589,13.397344075564376,18.608181477149913,3.0287002919988866,4.312019674588093,34.42936910975277,0.6070356598333995,2,phi+5,5,0,-1,0.9213628971464971
3,0.6129360175926194,0.7901325447908726,0.00859090536095098,0.999963097491642,13.167864677922193,13.56354267380853,6.424757462851322,0.3482816823443091,27.503137678774728,0.6907276468454205,0,psi+5,0,5,-1,0.11083230311880951
7,0.15065141938372445,0.9885869460182393,0.6364814315464221,0.7712920246551349,5.598500035762587,23.437939522937327,2.376482461685719,4.682306608187778,24.149797848919288,0.6408412831127149,0,psi-5,0,-5,-1,-0.26215803221457556
5,0.3561959054198271,0.9344112996759776,-0.6539078124066586,0.7565742348729159,9.926520865205417,24.765543151484813,7.649787715079983,2.548035302601427,26.4495342359576,0.7668328698563053,0,phi+5,5,0,-1,-1.3811482244204232
4,0.9480618650086895,0.3180859948445475,-0.6278968473966673,0.7782965688150798,4.14965796580806,8.36982638723007,4.288889441500805,4.3574533530135815,27.844220747047014,0.34613224394221825,0,rotamer1,0,0,1,-1.3479757128360548
1,0.8776834901597722,0.47924074440823683,0.05330945082659497,0.9985780402415061,12.561781229772425,15.491219272335824,6.743563954925573,2.5857079729178953,25.397038567065124,0.5700737875343524,1,rotamer1,0,0,1,0.40884803340782416
4,0.048297093896550666,0.9988330144329169,0.24729451409651484,0.9689403610634498,9.738466185063494,8.901351905603496,2.850676715065872,0.3905195015292362,19.033191526745636,0.5178029549211749,1,phi+5,5,0,-1,0.7030868970660584
2,-0.3816766048436373,0.9242959316772058,-0.5312640266577086,0.8472063113430149,9.01384650431448,11.704816596628817,3.461669927169695,3.4219482729862767,24.939770354491216,0.4816719246082509,0,rotamer1,0,0,1,0.10683074959728484
7,-0.7381876016220316,0.6745954823533231,0.32611496866151013,-0.9453301154702003,13.322833609254005,14.45682546754967,4.610975270646131,4.442096747945621,9.610459744606489,0.6106033928959256,1,phi-5,-5,0,-1,-1.269452644210273
2,-0.32201337696300397,-0.9467351187406551,-0.121650445093722,0.9925730044729704,5.169149258933924,23.444085625608114,4.421439130716231,1.246036730503141,26.779455964736755,0.7590755024972364,1,psi+5,0,5,-1,1.3154421936434277
2,-0.5448861677391238,-0.8385100263005634,0.5331452883493323,-0.8460237003245874,12.537238509898078,5.507988435848489,6.876218152835891,2.342928434449914,20.379282987505597,0.8172352727641479,0,psi-5,0,-5,-1,0.5788212901707901
3,-0.9083144090101242,0.41828809974058423,-0.5831148589313354,-0.8123897225429978,9.40362694455273,10.591791607704184,5.339677776805134,3.332942031890742,30.89206463646757,0.5878043125935253,1,phi+5,5,0,-1,-1.1395011731333315
7,0.6629516470714729,0.7486622159861023,0.5576191272932087,-0.8300969273986986,12.07611776563203,15.415139328376501,7.8020105490393155,5.874193958533721,20.121596524937605,0.5673906609174337,1,psi-5,0,-5,-1,-0.22102973086124178
1,-0.9973631115344866,-0.07257288577869325,0.7662981919381535,0.6424850823422416,9.225496356627199,13.744195971851019,6.219826227910966,1.4898215137638802,16.733369843500995,0.6364878030892688,0,phi+5,5,0,-1,-0.36949907318500697
4,-0.009828854290345766,-0.9999516956450142,-0.7984908068574028,0.6020070027534679,8.255141611975334,13.61671117101106,3.802988731253305,1.4095038725721443,15.485606680316796,1.0,0,psi-5,0,-5,-1,-0.20202862607833277
0,0.7144810093653409,-0.699654834369265,-0.27013655889391,-0.9628220186249155,7.801998558117838,18.153494540962516,4.968305597302518,1.590269712714131,29.061575722240132,0.7611900605039961,0,psi-5,0,-5,-1,-0.027999692137978094
5,-0.2749804277157025,-0.9614498241579169,0.2851020428827188,0.9584971701283737,10.723195736729952,12.14147148902707,5.407088073300607,1.3512702625920614,22.146740226942768,0.4337844361641566,1,phi-5,-5,0,-1,-0.023779387852365885
7,-0.9629777637040774,0.269580835022622,-0.2717807478162018,-0.9623591975538376,10.274040784665305,16.38991354914515,7.199426140767519,2.266031781132005,32.491531762960896,0.682906650376096,0,phi+5,5,0,-1,2.097888306169337
3,-0.7824918518014701,0.6226608240963183,0.9812827028405103,-0.19257273198981883,11.7920259818457,11.646303248686666,6.3592993068680785,4.012770849760841,32.60384476687811,0.48893733468496137,1,psi+5,0,5,-1,-0.2202909158189238
2,0.9344822350618982,0.356009764407831,-0.7402780469876297,0.6723008353023078,10.69187054153554,11.234133535673411,6.82548848288656,3.7822019990355784,7.2626923941706885,0.9754680939508007,1,psi-5,0,-5,-1,1.1484251220266488
1,-0.8825279962570387,0.4702598598886963,-0.9591641247923948,0.2828501046689558,5.501702462704803,17.650515443066055,6.083606836298003,4.407199470117618,15.862648686084619,0.8050729262637063,1,phi+5,5,0,-1,-0.28121521218580126
6,0.768383523667431,0.6399896566011223,0.9662322359120098,-0.25767278918131487,14.186997616523099,17.629781396897087,3.0052664946066967,4.000169547719725,24.997729043703306,0.5819025778570179,2,psi+5,0,5,-1,0.724276284641437
7,-0.7125504633941346,-0.7016208642256899,-0.99613105878328,-0.08788010996409572,8.258609953315084,11.250438715094406,5.487545170518533,2.879835183428052,28.740355086038875,0.8796412231181702,0,phi+5,5,0,-1,1.1199831329411638
1,-0.7612015515013805,-0.6485153799193133,-0.7419526545194635,0.6704522790262717,9.045539801493701,18.71534089223494,5.4442729460015755,2.9156071536192654,27.833984199906062,0.9223033391933226,1,rotamer0,0,0,0,0.15004056525157783
4,-0.33120086857876957,0.9435602708108627,0.02283668849305288,-0.9997392088233167,8.518098431965592,25.86428623197819,3.9784898335836436,3.0424033075192396,28.962265773984978,0.5248409679379755,1,rotamer1,0,0,1,-0.2063702853776379
1,0.20241051515811936,-0.9793007624593298,0.08425389903211661,-0.9964443188145968,7.671509621438526,8.16232413796113,3.4245618819512416,2.6161052568233494,23.915387439882668,0.8113729500812318,0,rotamer1,0,0,1,-1.265714828543686
2,0.05498622333083773,0.998487113208684,-0.6907623249982667,-0.7230818835809599,10.497329538573604,17.60554075873375,5.1158457790252525,2.6648710222893772,19.571529319753093,0.6361083526036512,1,psi+5,0,5,-1,-0.8124840707803802
1,-0.9314078140443813,0.36397731239332387,0.0025444112560736288,-0.9999967629804408,9.287853602459434,9.009461850151556,5.447340802180327,0.22722196440603248,39.38025047917462,0.9395161458254436,0,phi+5,5,0,-1,-0.5945901327355096
5,0.6938336311277705,-0.7201353291681035,0.9819763507699614,-0.18900382675625832,8.786116218901109,12.560881323227386,7.081613788927095,2.6640302029194496,26.715418534182362,0.6640700268692968,1,phi-5,-5,0,-1,0.7967045694340715
2,-0.8975827663222367,0.4408459794546403,0.967531050105627,0.2527521851171669,5.951427516945864,24.79281685139906,8.055374432429302,1.2207974300852862,24.967599213997136,0.983971797428864,0,phi-5,-5,0,-1,0.35159680535129034
4,0.20880089207655245,0.9779581726577246,0.016166840902942098,0.9998693080874215,13.498371993286508,25.39383582348929,6.660679318146476,4.812900981889076,23.499273876326928,0.4319789591950914,1,rotamer0,0,0,0,-0.5262175337799476
0,-0.2817763116670674,-0.959480124954813,0.776303300622956,0.6303595683749905,6.143030818855948,11.63399589183153,5.2208211981604755,1.4516333027024926,20.475368319230377,0.520023647684434,0,phi+5,5,0,-1,-0.2907318838326217
4,-0.9994821707764827,-0.03217748125521584,0.9357782763223877,-0.3525890207636944,7.259548468492325,18.058393073069873,4.55860352319722,2.1846925111503,19.215234902752123,0.8130222795077278,0,psi-5,0,-5,-1,0.8309248431575934
5,0.0751803871961703,-0.9971699500992968,-0.8257696340600308,0.5640075455739602,5.919820114950178,20.024984892534434,4.056543731141232,2.933201954513179,25.159179375906866,0.802118117444609,0,rotamer1,0,0,1,0.5522327188872587
0,0.33646155086506907,-0.9416972044078036,0.7535750246762037,-0.657361911114615,3.301980755196049,21.30859803387816,7.9961697642315155,1.4166988699491494,33.769984232786825,0.570764388703021,1,psi+5,0,5,-1,1.0288911864900525
7,0.6887692243244926,-0.7249806587926583,-0.016522309928877776,0.9998634973208164,12.531539330967403,17.67943224081928,3.568965242226399,3.295568394847328,23.358839888034094,0.668410918887248,0,psi-5,0,-5,-1,1.6728278307325963
7,0.22849818515063886,0.9735443386835878,0.8193316824725633,-0.5733198008936014,4.367691784380783,19.35061579680807,4.521385361433907,0.47689233581374735,20.95885075161594,0.8509907503987683,0,psi+5,0,5,-1,0.05746775934977599
4,-0.6549310631822338,0.7556886279936922,-0.3068985703320032,0.9517422274587655,4.668668625930893,12.121727436093327,3.0351579925309773,1.5585767502313974,26.868697253444793,0.7652255474019184,0,phi+5,5,0,-1,2.3469054442001163
5,-0.9492106366836044,-0.3146413310528457,0.05728707933202795,0.9983577467729722,9.086485227545918,14.999254750675545,6.173026734426172,4.0240228701936065,18.45941209006797,0.7362966459842688,0,phi-5,-5,0,-1,-0.329706399141153
5,-0.908720936404907,0.41740419228775005,-0.6230109969328602,0.7822130769174878,5.708754532003954,8.57375137103455,3.021122084286654,2.008658861329188,18.05170095772452,0.6858459904327137,0,rotamer0,0,0,0,-0.2206086277120266
0,-0.8725279539382119,0.48856419188925176,-0.6355077324982433,-0.7720945032409835,7.773018178467135,17.146846323523544,8.262891927722734,1.192899408143123,19.435917339270734,0.5043251405366862,0,psi+5,0,5,-1,1.8963530873038001
3,-0.31710370643613234,-0.9483908684527004,-0.12253518265139757,0.9924641701404583,5.260723205305065,13.787979073551995,5.301235602860772,1.5503448979665158,26.944711675085763,0.5658941302853946,0,rotamer1,0,0,1,-0.3558625224128146
3,-0.36204949801053565,0.9321588711106703,-0.4884551364416586,0.8725890096051867,8.269564453315446,16.755905334510853,2.2500442469718687,2.9764202650400327,13.530891657078854,0.7689390611160358,0,phi+5,5,0,-1,-1.2539022919468021
3,-0.8908651837670657,0.4542677892517498,0.8517420042705943,0.5239614090380235,7.42995756493717,14.308405231505152,7.0471845671324544,5.930156837954211,21.924068545117606,0.8564589223935224,1,rotamer0,0,0,0,-1.1093409337585554
4,-0.09923575200240344,0.9950639504697764,0.2648583713087509,-0.964287323958827,9.542141358638224,19.140572548702675,10.299858321686369,1.468988957899585,26.243459280582094,0.39029442408340165,0,rotamer0,0,0,0,-0.5482718955904738
7,0.3709713023239607,0.9286443306519804,0.4001132723063025,-0.9164656945703655,9.562280161122914,10.945760117271575,2.7585175576239633,2.1635991207735694,29.766787676106823,0.5779615442869381,0,psi+5,0,5,-1,1.6591127224689286
2,-0.2612447708194904,-0.965272588297975,0.2770976859089316,-0.9608417520403217,15.988355933816983,20.407882489706154,3.1520954785881967,0.9336328186209242,27.52551043817872,1.0,0,psi+5,0,5,-1,1.5909762365207798
4,-0.6336721448754431,-0.773601714585067,0.998362599896508,0.0572024398770297,10.06516508763525,16.610332556643492,6.183994409771213,2.3980198159352772,25.29675646635385,0.7913706200810854,0,phi-5,-5,0,-1,1.3895585721746688
2,0.22109309452291875,-0.9752527075349648,0.13834593179544005,-0.9903839675376674,12.385923981233024,21.090419541988133,6.663100117368044,1.8381963807285866,19.10480296411299,0.42759776516024484,0,phi+5,5,0,-1,1.2450366472638401
0,0.8174219036723303,0.5760394356263325,-0.9937665022108193,-0.11148156387346628,9.58471317785487,5.279501438705026,9.388248957632452,3.785732806818814,15.049080785595388,0.8881348797764231,1,phi+5,5,0,-1,0.3004090968360589
6,-0.9209964085584458,-0.38957106594618185,0.9999803870408209,0.0062630291145736525,11.72364852834264,12.027742579609958,6.637320541023291,3.2945384086303275,13.994890195121505,0.4235497503118764,0,psi-5,0,-5,-1,1.3325626441729728
7,0.8050853010367383,-0.5931590495428561,-0.19958211212448168,0.9798811052979494,10.515757259088332,17.28838425213766,6.15825115457409,4.417455874372168,24.82424851983657,0.828253028490615,0,phi-5,-5,0,-1,-1.3165612118451835
3,0.6420334965098039,0.766676587199189,0.765385341275847,0.6435722798257048,7.37308795297551,17.955733796213565,4.04798503870867,4.33983468248265,39.012980100578474,1.0,0,phi-5,-5,0,-1,0.718673871271029
0,-0.6680042662205748,0.7441574432276488,-0.3284580508008201,0.9445185593010472,9.714056498393797,19.446212135769763,2.73365618575751,2.0310306989517093,24.58919892160482,0.8883069057446497,1,psi+5,0,5,-1,1.7961692756824426
7,-0.8433732253276415,-0.5373282077096374,0.920412785615646,0.3909479557118146,15.556706195514764,10.14151822676675,5.38075885687267,0.7211865339586794,15.822010381167305,0.336228252889572,0,psi+5,0,5,-1,0.7996585094104701
2,-0.8206189718321208,-0.5714757239543888,0.9998987205648878,0.014231957444438137,7.5509224833662945,11.80337033013612,2.850666250886697,2.4847878492432818,16.382452891256218,0.6310032348275503,1,psi-5,0,-5,-1,0.9925125879623987
1,-0.32838413044213094,0.9445442619982218,0.958101924451093,0.2864274818572967,13.410110061107662,18.036880233565622,7.3319082144798955,3.714897266756272,17.180351145502023,0.6910100478300754,1,rotamer0,0,0,0,1.1956355195735204
7,0.905615330541269,0.42410007437941827,0.9784746658157072,0.20636697496653925,3.59337814016245,15.750765092575172,4.362596858916067,3.1704734365341265,29.200338167365803,0.8527952899941685,0,phi+5,5,0,-1,-0.14821589693250303
4,-0.13636164934051087,-0.9906591243152891,-0.9996078706809562,0.028001872663890807,12.102938480471286,15.066414422296765,6.8825557039264,3.697525435988514,22.702853041826017,0.4623832846253657,2,rotamer1,0,0,1,1.2145372166351192
7,-0.9729670475163928,0.23094398551863896,-0.9047770908253279,-0.42588544929083494,12.833109022195865,20.38506878421599,4.3314385381275535,0.0,16.091591063845378,0.998965408225083,0,phi+5,5,0,-1,1.0429147961191894
6,-0.4831295379625691,-0.8755488847277887,0.223386633022691,-0.9747299175601339,11.130105407094728,13.105898353837278,5.642076204232054,2.4200268824893483,30.989882091753085,0.691020104589274,2,psi-5,0,-5,-1,2.339635136019486
0,0.13473599836405972,-0.9908815321444032,-0.23036557408506642,0.9731041579792257,9.391802376656017,9.845780004588256,3.9512978436162647,3.7453552850774074,21.62232467764683,0.728436966070276,1,phi+5,5,0,-1,2.1815315105092408
1,0.9309784450836488,-0.365074149714317,-0.4859294368645047,0.8739980448425188,10.626724124022834,4.679515725075284,6.352188151822263,3.100017983889317,26.263424695270892,0.730961751599999,0,phi+5,5,0,-1,-0.5992602323356734
0,0.9982344291587912,0.05939717537073884,-0.5762108610673723,0.8173010727926383,10.206290932713133,18.482831043843223,5.446761742938495,2.6137676642045515,20.04319449749797,0.6959547128539131,1,phi-5,-5,0,-1,-1.084624180821069
5,0.5771503601866931,0.8166379012367541,0.8838594054215901,0.46775266054592696,8.907744267498865,18.827007415581587,6.826370847517891,4.726604675528105,25.917860169911158,0.8662985060083827,2,rotamer0,0,0,0,1.3978827136125906
2,0.9014554524282207,0.43287188322577846,0.343761963906634,0.9390568205231534,12.638071792578042,16.334024989974807,3.782764299602773,1.8484297601771398,15.846083764402916,0.6527267511637277,0,rotamer1,0,0,1,0.7740213345784568
2,-0.1656195049430176,0.9861897279846459,0.8114440958421469,-0.5844300465606818,8.525554681890616,22.445723725228763,6.523690183858809,0.0,10.465620358106822,0.49972871788258955,0,rotamer0,0,0,0,0.23116100210885102
3,-0.9573256713545257,-0.289011347468584,0.796678749732197,0.6044029861980692,15.133889549532977,10.450705233137107,7.684863422294102,4.3220672457048135,26.733106656413188,0.847210887293774,0,psi+5,0,5,-1,-0.7843120050056446
1,0.9416221098726449,-0.3366716533939093,0.5229468382943137,0.8523652998087035,9.005854577026954,11.91992912024786,6.11357622750595,6.16105369893409,20.691118553923793,1.0,1,phi-5,-5,0,-1,1.056454948536345
1,0.002689155976118821,-0.9999963842135311,-0.13205717001749936,0.9912421015306853,10.190070257812938,21.80201631152174,6.252365039522537,6.196471925875613,15.179022664556383,0.5888835163841872,0,rotamer1,0,0,1,1.3712997221442467
5,-0.9973625958564747,0.07257997235074182,0.08044168781704318,0.9967593164155253,8.63320499614831,15.038974025232072,7.236467236559308,2.8022040375979334,32.108174085277795,0.3252460574344582,0,psi+5,0,5,-1,1.173955238043134
3,-0.7936950892877039,-0.6083157940088221,-0.9977095190502533,0.06764403592714027,13.619935007970884,12.378302901774088,4.000651089606843,3.4270267583049496,22.17879429877746,0.8714019695818261,1,rotamer1,0,0,1,-0.7061879355320729
5,0.9964784952882987,-0.08384872347250198,-0.07143483942820174,0.9974452685314954,9.186128996988355,6.9107650150511954,1.8487237252796902,3.593727852110166,23.02709427056709,0.7879609705214279,0,psi+5,0,5,-1,0.01255887005708231
0,-0.2109247862779943,-0.9775022938763788,0.8210390475139066,-0.5708720368501657,14.194654154031197,12.49238272018145,5.185559350820892,1.4594604710571002,27.3911588393822,0.5787345483038806,0,rotamer0,0,0,0,0.1790327844876833
7,-0.3707526527033446,-0.9287316461246667,0.7613379730489965,0.6483552196085457,16.062635419631256,10.54455675900497,4.8078061377396955,2.7751048809881445,18.949265532252568,0.6586116123066919,2,psi+5,0,5,-1,0.47307632477345696
4,0.013923291348514433,0.9999030662809393,0.9468137541617904,0.3217820923079108,3.5556224862702877,20.0069873466715,6.923390593047785,6.029259527085124,20.596716363013485,0.6773336086120216,0,phi+5,5,0,-1,0.006968699159096592
5,0.9604052156898595,-0.2786069304158,-0.47634452047767084,-0.8792587206339769,13.217200926598126,13.59802600366217,5.13190023455575,5.3166410931697285,21.52248818363204,1.0,3,psi+5,0,5,-1,1.897633945172676
0,-0.560636287376074,0.8280621675195482,-0.6974022425227786,0.7166799230648222,5.7790204442369575,16.068732123095653,4.757395981788388,2.4039562083281685,29.867851764624398,0.4623001238772977,0,phi+5,5,0,-1,2.7523998411097126
1,0.4864147167037567,-0.8737280603105317,-0.991929751965449,-0.12678867128321372,13.7478124850813,10.537650492056262,3.547482345361133,2.514009254032416,33.097575887792175,0.5606684204057604,0,rotamer0,0,0,0,1.4908708106380053
0,0.4327799089306875,-0.9014996119943401,-0.9190356856763351,0.3941743376393606,13.873521675230752,13.405790171072034,5.044743984711394,0.6311226642903951,23.07287149095679,0.7477304352394339,1,phi-5,-5,0,-1,0.9303034537391961
6,0.605304044741437,-0.7959943551430855,-0.8710188893522884,0.4912495235534646,10.058047434825458,12.256113631033756,8.20151066521961,2.825865352375626,8.762085480020765,0.6973035995887394,1,rotamer1,0,0,1,0.7799900097602097
1,0.6137444667480542,0.7895047368674533,0.6559468489358187,0.7548070822211265,3.4793485673902262,7.553366944874415,3.6906119679018805,4.886837588273987,26.373878400101937,0.48596785355285166,1,psi+5,0,5,-1,1.5411144097726424
6,-0.9195859431442316,-0.3928889069082175,0.5137665287162051,0.8579300402543909,6.2369795249070075,20.884129213077173,4.576799617070862,4.0828551746353625,29.2426042814516,0.7703936627949353,0,psi-5,0,-5,-1,1.6260411109966835
2,-0.6392523119920802,0.7689970621613454,-0.7677013436680461,0.6408078081065154,16.025228717825296,21.50827159420443,1.8165099477067739,3.864074004144319,27.053415015970284,0.7512111889129153,0,rotamer1,0,0,1,0.8830588974399101
6,-0.16426062620562581,-0.9864169740421824,-0.794317683435333,0.607502607222328,13.377415758463801,18.726213979333366,4.11063984525937,4.320766410415456,23.45508557325836,0.891320899047364,2,phi+5,5,0,-1,1.4885911702708772
3,0.13221540779891944,0.9912210076166492,0.9185413276166624,0.3953249669072511,11.15042319124592,18.461969538889306,4.870366842405061,3.836906369049391,27.39669111104861,0.8394651684059773,0,rotamer0,0,0,0,2.069976266583515
5,0.34333143471521965,-0.9392143131023871,0.9833305304014838,0.1818270276398332,5.8470006836666855,15.18259481575221,3.958377437946454,3.2118100139273174,31.016544093217874,0.7085327190921813,1,psi+5,0,5,-1,-0.4852554628716394
5,-0.8615845068388088,0.507614162110679,0.9165640661184112,-0.39988787516063135,15.153256215898256,4.552443428796035,6.153718861097998,3.995570075648261,28.79940485478281,0.6564424615616065,0,psi-5,0,-5,-1,2.687400524903121
5,0.9954873667179883,0.09489416581057797,0.7413306041327977,0.6711400266532321,15.129040335203943,13.24444296236725,4.255522856265155,4.080916791673837,26.2777774479977,0.5142091178478491,1,psi+5,0,5,-1,0.06531746079342465
2,0.9938793875471326,-0.11047064319961472,-0.16831388334588832,-0.985733451128157,8.975485464896796,3.1552728018459426,5.896813201426637,5.595821597527702,26.11032849066615,0.6339431650797113,1,rotamer1,0,0,1,-1.134431364085608
7,0.7431562034756448,0.669117969595546,-0.9987436302869386,-0.050111485322896276,7.418523540044649,8.344654355007695,5.190578745731874,2.4295921372581635,31.842267221598156,0.6866584119730382,0,phi-5,-5,0,-1,0.9815612497634747
6,-0.22895335234472972,-0.9734373952392162,0.1970739811534408,-0.9803886198606823,8.357963632334824,6.273314778928626,1.3139417096966173,1.151033082937787,28.50376427959781,0.795841988423212,0,rotamer0,0,0,0,-0.3934398512407977
0,0.10281069373033203,-0.994700940612146,0.8979498757645753,0.44009773984239436,5.9500905007739675,19.928864933056385,7.073065784361609,2.659805957691387,29.632750206945477,0.710249312877329,0,rotamer0,0,0,0,0.38360210348829377
